Open,High,Low,Close,Volume
38.432499,38.587502,38.2575,38.467499,76942400